{"cameraMode":{"drawMode":0,"name":"Shaded","section":"Shading Mode"},"sceneLighting":true,"audioPlay":false,"sceneViewState":{"showFog":true,"showMaterialUpdate":false,"showSkybox":true,"showFlares":true,"showImageEffects":true,"showParticleSystems":true},"in2DMode":false,"pivot":{"x":7.589144229888916,"y":4.412402629852295,"z":0.13505329191684724},"rotation":{"x":0.1898602396249771,"y":0.6622517108917236,"z":-0.17901328206062318,"w":0.7023818492889404},"size":13.201339721679688,"orthographic":false}