{"cameraMode":{"drawMode":0,"name":"Shaded","section":"Shading Mode"},"sceneLighting":true,"audioPlay":false,"sceneViewState":{"showFog":true,"showMaterialUpdate":false,"showSkybox":true,"showFlares":true,"showImageEffects":true,"showParticleSystems":true},"in2DMode":false,"pivot":{"x":-2.2555861473083498,"y":-0.08679172396659851,"z":-0.35404837131500246},"rotation":{"x":0.3023897111415863,"y":-0.2349209040403366,"z":0.07746853679418564,"w":0.9206959009170532},"size":12.710311889648438,"orthographic":false}