{"cameraMode":{"drawMode":0,"name":"Shaded","section":"Shading Mode"},"sceneLighting":true,"audioPlay":false,"sceneViewState":{"showFog":true,"showMaterialUpdate":false,"showSkybox":true,"showFlares":true,"showImageEffects":true,"showParticleSystems":true},"in2DMode":false,"pivot":{"x":-4.929841995239258,"y":2.1350693702697756,"z":-8.226901054382325},"rotation":{"x":-0.3233571946620941,"y":0.5188785791397095,"z":-0.22079212963581086,"w":-0.7599141001701355},"size":5.170289039611816,"orthographic":false}