{"cameraMode":{"drawMode":0,"name":"Shaded","section":"Shading Mode"},"sceneLighting":true,"audioPlay":false,"sceneViewState":{"showFog":true,"showMaterialUpdate":true,"showSkybox":true,"showFlares":true,"showImageEffects":true,"showParticleSystems":true},"in2DMode":false,"pivot":{"x":1.203511118888855,"y":-5.311145782470703,"z":8.315802574157715},"rotation":{"x":-0.3166410028934479,"y":0.05882637947797775,"z":-0.01979484036564827,"w":-0.9465968608856201},"size":8.611893653869629,"orthographic":false}