{"cameraMode":{"drawMode":0,"name":"Shaded","section":"Shading Mode"},"sceneLighting":true,"audioPlay":false,"sceneViewState":{"showFog":true,"showMaterialUpdate":true,"showSkybox":true,"showFlares":true,"showImageEffects":true,"showParticleSystems":true},"in2DMode":false,"pivot":{"x":-13.285505294799805,"y":-11.129555702209473,"z":3.7998476028442385},"rotation":{"x":0.29937976598739626,"y":-0.4943290650844574,"z":0.18624065816402436,"w":0.79462069272995},"size":18.55835723876953,"orthographic":false}