{"cameraMode":{"drawMode":0,"name":"Shaded","section":"Shading Mode"},"sceneLighting":true,"audioPlay":false,"sceneViewState":{"showFog":true,"showMaterialUpdate":true,"showSkybox":true,"showFlares":true,"showImageEffects":true,"showParticleSystems":true},"in2DMode":false,"pivot":{"x":-20.207595825195314,"y":-5.287580490112305,"z":-6.662533760070801},"rotation":{"x":0.004624395631253719,"y":-0.9915950298309326,"z":0.12441381067037583,"w":0.037810832262039188},"size":7.908755779266357,"orthographic":false}